Provider_ID,Provider_Name,Specialty,Phone,Email,Experience_Years,Department_ID,Status
PROV0001,Brian Nguyen,Gynecology,7938317742,travis38@example.com,14,DEPT011,Active
PROV0002,Edward Lam,Gynecology,6736846251,qellis@example.net,1,DEPT010,Active
PROV0003,Katrina Adams,Cardiology,2002571267,iwalker@example.org,9,DEPT002,Inactive
PROV0004,Christine Cook,ENT,7116624408,melissa71@example.com,2,DEPT007,Inactive
PROV0005,Jordan Murphy,Oncology,9748792601,rlewis@example.org,15,DEPT015,Inactive
PROV0006,Alison Roth,Pediatrics,3233494203,josephmurray@example.net,16,DEPT012,Inactive
PROV0007,Oscar Martin,Gynecology,0760462194,kwiggins@example.net,2,DEPT017,Inactive
PROV0008,Michael Holland,Urology,1446543214,reeddominic@example.net,21,DEPT001,Active
PROV0009,Carla Thompson,Dermatology,6873948026,bryanhansen@example.com,18,DEPT006,Inactive
PROV0010,Christopher Burke,Dermatology,2664333860,sandrabaxter@example.org,6,DEPT011,Inactive
PROV0011,Tammy Williams,Orthopedics,6329939667,travisflores@example.org,11,DEPT016,Inactive
PROV0012,Brian Gould,Orthopedics,3000793478,jennifer36@example.net,10,DEPT007,Active
PROV0013,Misty Walker,Gynecology,7889900810,timothygriffin@example.net,2,DEPT019,Inactive
PROV0014,Michelle Carlson,Oncology,5443294616,chenderson@example.net,18,DEPT013,Inactive
PROV0015,Michelle Sloan,Dermatology,0165951593,phillipsfelicia@example.net,27,DEPT011,Active
PROV0016,Mr. Raymond Smith Jr.,Dermatology,1125025101,markrose@example.org,13,DEPT002,Active
PROV0017,Jason Baker,Emergency,8670592529,fitzgeraldwilliam@example.com,31,DEPT018,Active
PROV0018,Jeffrey Jones,Orthopedics,5805104758,coxjanet@example.net,22,DEPT014,Inactive
PROV0019,Linda Bryant,Dermatology,7901787470,wmyers@example.org,12,DEPT006,Active
PROV0020,Kevin Randall,Radiology,0999474768,cruzsonya@example.org,11,DEPT006,Inactive
PROV0021,Ryan Little,Oncology,5085037304,zunigamatthew@example.org,24,DEPT015,Inactive
PROV0022,Jessica Jordan,Pediatrics,9604491728,scottjohnson@example.com,10,DEPT004,Inactive
PROV0023,Kimberly Crawford,Radiology,5961428507,nguzman@example.org,24,DEPT014,Active
PROV0024,Christopher Mack,Gynecology,8429086079,newmanamy@example.net,26,DEPT013,Inactive
PROV0025,Jonathan Marshall,Cardiology,7688000699,christina78@example.com,14,DEPT002,Active
PROV0026,Joshua Campbell,ENT,3484553446,melinda32@example.com,7,DEPT001,Active
PROV0027,Andrea Garcia,General Medicine,6770601040,suttonvictoria@example.org,6,DEPT005,Inactive
PROV0028,Nathan Fry,Radiology,2326629452,jonathan93@example.net,10,DEPT011,Active
PROV0029,Ashley Cross,Radiology,7147702771,willissean@example.org,8,DEPT007,Inactive
PROV0030,Tina Jacobson,ENT,8737233385,shelbymorgan@example.net,30,DEPT007,Active
PROV0031,Andrea Nelson,Cardiology,1741367069,carrkevin@example.org,1,DEPT012,Active
PROV0032,William Hernandez,Pediatrics,1098801748,phillipjohnson@example.com,5,DEPT018,Active
PROV0033,Joshua Carey,Radiology,8897418071,brianphillips@example.com,28,DEPT013,Active
PROV0034,Joseph Davis,Gynecology,8388694769,courtney40@example.com,3,DEPT011,Active
PROV0035,Nicole Barnett,Orthopedics,7764632476,marcia88@example.net,30,DEPT016,Active
PROV0036,Paul Jensen,Oncology,7560687465,john38@example.net,14,DEPT015,Inactive
PROV0037,Christina Byrd,Cardiology,1126937680,calvin60@example.org,35,DEPT003,Active
PROV0038,Jessica Hart,Gynecology,9365769515,kevinhall@example.org,9,DEPT003,Active
PROV0039,Michelle Moore,Oncology,7112416538,aguirresean@example.com,14,DEPT020,Active
PROV0040,Alexis Oneal,Urology,6442467783,torresstephanie@example.net,17,DEPT011,Inactive
PROV0041,Amanda Black,Emergency,9077785260,urodriguez@example.net,8,DEPT008,Inactive
PROV0042,Jason Perry,Neurology,3844466207,dorothy61@example.net,10,DEPT019,Active
PROV0043,Shelley Gonzalez,Gynecology,6204052056,stacywright@example.com,8,DEPT017,Active
PROV0044,James Brown,Cardiology,8926465238,nolanjeremy@example.net,1,DEPT001,Active
PROV0045,Katrina Taylor,Emergency,1613581702,xthompson@example.com,9,DEPT017,Active
PROV0046,Hannah Larson,Pediatrics,1145096180,chennicole@example.org,33,DEPT004,Active
PROV0047,Steven Ruiz,ENT,1785323438,ashley65@example.net,6,DEPT003,Active
PROV0048,William Duke,Orthopedics,5246268984,yvonne70@example.net,22,DEPT009,Active
PROV0049,William James,Gynecology,5501422322,stephaniewalker@example.net,33,DEPT011,Active
PROV0050,Brett Chang,Cardiology,0497449200,nsmith@example.com,4,DEPT011,Active
PROV0051,Holly Carrillo,Dermatology,0113763102,ihopkins@example.com,3,DEPT003,Active
PROV0052,Brittany Payne,Dermatology,9054108491,bowmandiane@example.net,25,DEPT011,Inactive
PROV0053,Thomas Garcia,Dermatology,1593165846,mduncan@example.com,26,DEPT012,Inactive
PROV0054,Debra Garcia,General Medicine,9731670776,livingstonmonica@example.com,4,DEPT016,Inactive
PROV0055,Nicole Anderson,General Medicine,1505822050,jonathonrogers@example.net,9,DEPT011,Inactive
PROV0056,Patrick Mcintosh,Pediatrics,9076496382,jacksonmichael@example.net,3,DEPT008,Inactive
PROV0057,Austin Lee,Orthopedics,1054594478,pcarroll@example.org,13,DEPT006,Active
PROV0058,Benjamin Bryant,Radiology,0402816444,troygomez@example.com,29,DEPT012,Inactive
PROV0059,Blake Gardner,Cardiology,0896040753,lisamiller@example.org,16,DEPT014,Active
PROV0060,Michelle Morrow,Oncology,3396542582,brooke52@example.com,34,DEPT015,Inactive
PROV0061,Karen Ferguson,Gynecology,2390563118,laurenhoover@example.com,21,DEPT010,Active
PROV0062,Robin Allen,Urology,6109409973,shannonmoore@example.net,5,DEPT018,Active
PROV0063,Donna Patterson,Urology,1138794860,gibsonnicole@example.com,22,DEPT004,Inactive
PROV0064,Jessica Bean DVM,Gynecology,9765817920,terry98@example.net,19,DEPT019,Active
PROV0065,Ricardo Cherry,Neurology,2377027333,caitlinpugh@example.net,10,DEPT009,Active
PROV0066,Mary Johnson MD,Gynecology,1759269095,michaeldoyle@example.org,7,DEPT011,Inactive
PROV0067,Gina Garcia,General Medicine,6557765129,joshuanorris@example.org,10,DEPT014,Inactive
PROV0068,John Hayes,Pediatrics,4637267079,gflores@example.org,28,DEPT008,Inactive
PROV0069,Timothy Jennings MD,Radiology,5129369665,edouglas@example.org,23,DEPT002,Inactive
PROV0070,Jeffrey Smith,Cardiology,3748196468,patriciathompson@example.net,28,DEPT011,Inactive
PROV0071,Sherri Jenkins,Pediatrics,1675896616,robert11@example.org,6,DEPT007,Active
PROV0072,Oscar Benitez,Radiology,1270561842,klucero@example.com,13,DEPT004,Inactive
PROV0073,Harold Bowman,Gynecology,7108421965,amberbrown@example.org,16,DEPT004,Active
PROV0074,Erika Cunningham,Orthopedics,9715953433,dean99@example.net,12,DEPT011,Inactive
PROV0075,Jeffrey Daugherty,Dermatology,3894863735,rogersmiguel@example.org,2,DEPT020,Inactive
PROV0076,David Faulkner,Urology,6533056169,jharper@example.com,28,DEPT002,Active
PROV0077,Anthony White,ENT,6068981228,jessicabriggs@example.com,14,DEPT006,Inactive
PROV0078,Daniel Morrow,Gynecology,9016547937,frederick48@example.com,17,DEPT010,Inactive
PROV0079,Michael Cruz,Gynecology,3240431304,emily75@example.org,21,DEPT015,Inactive
PROV0080,Miss Kathleen Rivera DVM,Oncology,0295564594,mrose@example.net,28,DEPT020,Active
PROV0081,Emily Cox,Gynecology,8572934124,douglasrobinson@example.net,13,DEPT004,Inactive
PROV0082,Alexander Morrison,Dermatology,6828779808,william19@example.org,34,DEPT014,Active
PROV0083,Kyle Lawrence,Oncology,9006948541,sellersamber@example.com,3,DEPT020,Active
PROV0084,Tina Martinez,Oncology,4091587369,cassandralynch@example.com,13,DEPT007,Inactive
PROV0085,Melissa Hahn,Emergency,9605712483,robertslinda@example.org,20,DEPT010,Inactive
PROV0086,Linda Hayes,Urology,4398915576,roblesbrandy@example.org,28,DEPT020,Active
PROV0087,Jill Price,Gynecology,6098240948,wlittle@example.net,18,DEPT019,Active
PROV0088,Kelly Waller,Neurology,9931302691,hodgestina@example.net,13,DEPT010,Active
PROV0089,Matthew Le,Cardiology,6424110137,brianbarnett@example.net,27,DEPT013,Inactive
PROV0090,Julie Sutton,Cardiology,6429713558,collinsdavid@example.net,20,DEPT001,Active
PROV0091,Patricia Johnston,Urology,4089586369,jeremiah12@example.net,4,DEPT005,Active
PROV0092,Pam Morales,Cardiology,7315502300,jacob28@example.org,12,DEPT001,Active
PROV0093,Darrell Gross,Dermatology,0881595586,kingdaniel@example.net,28,DEPT005,Inactive
PROV0094,Jim Reynolds,Orthopedics,8097622040,holmesbrian@example.com,2,DEPT010,Inactive
PROV0095,Richard Simpson,Emergency,2724447496,kimjames@example.net,16,DEPT009,Inactive
PROV0096,Paul Patterson,ENT,9741499889,christinaluna@example.org,26,DEPT018,Active
PROV0097,Teresa Barnes,General Medicine,9343997999,rosegomez@example.org,19,DEPT010,Active
PROV0098,Adam Lang,Emergency,0850578042,emilytaylor@example.org,18,DEPT012,Inactive
PROV0099,Danny Davis,General Medicine,7743233861,stephaniejones@example.org,12,DEPT020,Inactive
PROV0100,William Porter,Pediatrics,2882668292,denisebender@example.net,4,DEPT009,Inactive
PROV0101,Kimberly Smith,Cardiology,4884531999,justinray@example.net,9,DEPT009,Inactive
PROV0102,Brenda Mitchell,Pediatrics,8236933648,nparker@example.com,32,DEPT017,Inactive
PROV0103,Haley Bautista,Dermatology,2976557489,oarcher@example.com,22,DEPT020,Active
PROV0104,Danny Hernandez,Urology,7278428731,timothy49@example.org,15,DEPT008,Active
PROV0105,Scott Horn,Oncology,9904241370,edwardsdavid@example.net,3,DEPT018,Active
PROV0106,Jared Arnold,Radiology,5877167214,rogersjeffrey@example.net,2,DEPT019,Inactive
PROV0107,Gene Flores,Cardiology,6239960666,trussell@example.com,18,DEPT020,Active
PROV0108,Rachel Jones,Emergency,1950619801,lisakennedy@example.com,3,DEPT011,Inactive
PROV0109,David Smith,Orthopedics,1645249118,vmoore@example.org,16,DEPT017,Active
PROV0110,Jennifer Chaney,Cardiology,6200294943,ytyler@example.org,31,DEPT007,Active
PROV0111,Jeffrey Powell,General Medicine,8439402495,kandrews@example.net,7,DEPT002,Active
PROV0112,Hannah Curry,General Medicine,5018401886,jefferygardner@example.com,34,DEPT010,Inactive
PROV0113,Miguel Ritter,General Medicine,2029527040,scottdiana@example.org,33,DEPT015,Inactive
PROV0114,Zachary Arroyo,Dermatology,0240638249,ichang@example.net,23,DEPT019,Active
PROV0115,Jordan Reeves,Dermatology,7050837700,ryansanchez@example.org,19,DEPT003,Inactive
PROV0116,Daniel Travis,Neurology,3689463753,dhernandez@example.com,25,DEPT005,Active
PROV0117,Brendan Donovan,Oncology,7205049039,christopherlowery@example.com,9,DEPT013,Inactive
PROV0118,Stephanie Kennedy,Gynecology,2118610529,teresaramirez@example.org,21,DEPT015,Active
PROV0119,Tammy Burton,General Medicine,3678753317,christopher48@example.com,11,DEPT007,Inactive
PROV0120,Debra Jennings,Orthopedics,7122538730,samanthaharvey@example.org,3,DEPT007,Inactive
PROV0121,Rachel Martin,Emergency,7572158506,michaela97@example.org,10,DEPT007,Active
PROV0122,Stephanie Watson,General Medicine,7234312353,carlwade@example.org,26,DEPT014,Active
PROV0123,Cheryl Shaw,Pediatrics,8972513138,rodriguezjoshua@example.net,9,DEPT018,Inactive
PROV0124,Thomas Thompson,Pediatrics,5382936821,alexadean@example.com,5,DEPT006,Inactive
PROV0125,Jeremy Leonard,Neurology,7455571961,petersonandrew@example.org,25,DEPT006,Active
PROV0126,Eric Rubio,Radiology,6369967108,keithchaney@example.net,26,DEPT013,Inactive
PROV0127,Lawrence Hammond,Emergency,4222996301,vadams@example.net,1,DEPT002,Active
PROV0128,Regina Edwards,Neurology,6310715465,kenneth39@example.org,16,DEPT019,Active
PROV0129,Anthony Gregory,Orthopedics,1719008429,wendywallace@example.com,1,DEPT013,Inactive
PROV0130,Cathy Phillips,Radiology,0767354200,ovillarreal@example.net,11,DEPT011,Active
PROV0131,Miss Laura Parker,Oncology,9586149965,robertpowell@example.net,28,DEPT017,Inactive
PROV0132,Steven Carpenter,Cardiology,7767692217,pjackson@example.net,21,DEPT003,Inactive
PROV0133,Samuel Mitchell,Pediatrics,4195079781,ejordan@example.org,15,DEPT015,Active
PROV0134,Martin Henderson,Urology,8271855952,watsonkatherine@example.org,4,DEPT016,Inactive
PROV0135,Jeremiah Reed,Radiology,9486562387,ryan80@example.net,24,DEPT008,Inactive
PROV0136,Caitlyn Black,Urology,8009216749,shawnanderson@example.org,15,DEPT002,Active
PROV0137,Stanley Jimenez,Cardiology,9080245146,mprice@example.net,12,DEPT004,Active
PROV0138,Stephen Adams,Gynecology,7663796092,thomasbrock@example.com,13,DEPT002,Inactive
PROV0139,Eric Howe,Pediatrics,1327397957,amberbishop@example.net,6,DEPT002,Inactive
PROV0140,Patricia Molina,Neurology,0937770167,ssullivan@example.org,19,DEPT010,Active
PROV0141,Kevin Boyd,Cardiology,5174720950,matthew06@example.net,35,DEPT018,Inactive
PROV0142,Henry Dennis,General Medicine,3652089525,ginagray@example.net,17,DEPT016,Active
PROV0143,Thomas Page,Radiology,7865361552,nkramer@example.com,31,DEPT010,Inactive
PROV0144,Tiffany Beltran,Dermatology,1246924678,fmoore@example.net,7,DEPT005,Active
PROV0145,Kara Rich,Neurology,7431698383,hleonard@example.net,1,DEPT016,Inactive
PROV0146,Lisa Harris,Urology,2721796668,lindsaybutler@example.net,29,DEPT002,Inactive
PROV0147,Stephen Long,Neurology,2700329468,michael50@example.com,34,DEPT014,Inactive
PROV0148,Amanda Stewart,Emergency,6627230676,dbell@example.com,7,DEPT001,Active
PROV0149,Madison Martinez,General Medicine,2488629993,xstuart@example.com,14,DEPT003,Active
PROV0150,Joshua Simon,Dermatology,8598826817,mccallalex@example.org,15,DEPT017,Active
PROV0151,Mr. Steven Wallace,Cardiology,2805276356,hamiltonjames@example.net,30,DEPT007,Inactive
PROV0152,Jerry Hernandez,Dermatology,1475198449,steeleduane@example.com,7,DEPT019,Active
PROV0153,Brad Wright,Urology,1740521295,zachary52@example.org,9,DEPT002,Active
PROV0154,Jeffrey Carter,Cardiology,3436111889,alexis16@example.com,34,DEPT004,Inactive
PROV0155,Michael Mullins,Dermatology,1738993446,claudia72@example.com,30,DEPT003,Active
PROV0156,Vincent Campbell,Emergency,4280980966,williemartinez@example.net,26,DEPT007,Active
PROV0157,Vanessa Bowman,Radiology,2878444160,adamsselena@example.net,2,DEPT020,Inactive
PROV0158,Gregg Harris,Neurology,2554269348,wwilson@example.com,10,DEPT019,Active
PROV0159,Hannah Faulkner,Gynecology,7628036820,maguirre@example.com,11,DEPT006,Active
PROV0160,Chelsea Pierce,Neurology,3423971176,fletcherlinda@example.org,9,DEPT005,Inactive
PROV0161,Mark Kent,ENT,4470025244,scott74@example.net,11,DEPT019,Active
PROV0162,Katherine Kerr,Radiology,9968045722,abaker@example.com,24,DEPT013,Active
PROV0163,Grant Jefferson,Oncology,2461927147,marthawilson@example.net,32,DEPT009,Active
PROV0164,Brittany Spencer,ENT,3227470890,parkermiguel@example.com,4,DEPT002,Active
PROV0165,Timothy Aguilar,Orthopedics,1407852305,sarahwood@example.org,34,DEPT014,Inactive
PROV0166,James Smith,Neurology,4170068131,christopher29@example.org,11,DEPT007,Inactive
PROV0167,Jennifer Brown,Emergency,5669959841,hkennedy@example.org,10,DEPT010,Active
PROV0168,Monica Williams,Gynecology,6430844935,turnerdarren@example.net,23,DEPT006,Active
PROV0169,Christine Harrison,Cardiology,9584570032,brittanypeterson@example.org,10,DEPT009,Active
PROV0170,Deborah Burton,Urology,9026264889,zcantrell@example.net,5,DEPT002,Inactive
PROV0171,Emily Hutchinson,Pediatrics,9353446998,lewismelinda@example.net,18,DEPT010,Active
PROV0172,Kara Boyer,Pediatrics,2999914409,angela44@example.com,15,DEPT006,Active
PROV0173,Michael Delgado,Emergency,4112159035,lee74@example.org,2,DEPT010,Inactive
PROV0174,Stephanie Smith,Gynecology,3755528051,hannah77@example.org,30,DEPT014,Active
PROV0175,Derek May,General Medicine,2010198846,ngibson@example.com,3,DEPT020,Inactive
PROV0176,Jennifer Butler,Orthopedics,6975128479,bcarpenter@example.org,12,DEPT011,Inactive
PROV0177,Christopher Thornton,Gynecology,1735412379,cameronmolina@example.net,22,DEPT016,Active
PROV0178,Craig Solomon,Dermatology,8344311575,featon@example.net,16,DEPT018,Active
PROV0179,Sandra Key,Oncology,2495533892,molsen@example.org,25,DEPT003,Inactive
PROV0180,Lisa Harris,Radiology,4109726697,uthompson@example.com,14,DEPT009,Active
PROV0181,Anna Patton,Pediatrics,8134719879,rwatts@example.com,10,DEPT006,Active
PROV0182,Kristina Briggs,Dermatology,2056873412,cbrown@example.com,12,DEPT008,Active
PROV0183,David Clark,Orthopedics,4583357014,corey66@example.org,31,DEPT004,Inactive
PROV0184,Gerald Coleman,General Medicine,9428811924,bethany94@example.com,27,DEPT012,Active
PROV0185,Ricky Anderson DDS,ENT,1060626783,kristi38@example.com,31,DEPT001,Inactive
PROV0186,Cheyenne Sexton,Gynecology,9429530851,obrock@example.net,18,DEPT001,Inactive
PROV0187,Stephanie Greene,Urology,6134009914,dtorres@example.org,34,DEPT009,Inactive
PROV0188,Brandon Tanner,Radiology,2759336639,wilsontroy@example.com,33,DEPT016,Active
PROV0189,Sarah Williams,Pediatrics,3920851417,grimesmark@example.com,27,DEPT013,Inactive
PROV0190,Douglas Ramirez,Pediatrics,9994370572,pricemark@example.com,30,DEPT013,Inactive
PROV0191,Patricia Mullen,Gynecology,2305568884,samanthamorrison@example.com,26,DEPT016,Active
PROV0192,Jose Newton,Orthopedics,6991926413,xrichardson@example.com,1,DEPT013,Active
PROV0193,Chelsea Dixon,Orthopedics,0657144582,richardsjeffery@example.org,15,DEPT009,Active
PROV0194,Lindsey Rodriguez,Emergency,6839786090,qwilson@example.net,1,DEPT001,Inactive
PROV0195,Lisa Brown,ENT,8869340326,joanna82@example.org,25,DEPT011,Inactive
PROV0196,Kirsten Richardson,Orthopedics,8952371496,rebecca22@example.net,27,DEPT002,Inactive
PROV0197,Dawn Huber,Emergency,1254711648,cervantesrandy@example.com,22,DEPT015,Inactive
PROV0198,Debra Baker,Urology,3651789208,sarahmullen@example.com,29,DEPT020,Active
PROV0199,Sarah Green DDS,Dermatology,3743388912,leonashley@example.net,9,DEPT015,Active
PROV0200,Gina Garcia,Oncology,0952108712,belljames@example.org,11,DEPT016,Inactive
PROV0201,Elizabeth Harrington,Cardiology,4540528201,jbray@example.com,13,DEPT008,Inactive
PROV0202,Chelsea Miller,General Medicine,6445147291,ocarey@example.com,21,DEPT013,Active
PROV0203,Abigail Burton,Dermatology,8674837102,moorechristian@example.org,31,DEPT012,Inactive
PROV0204,Jennifer Beck,ENT,5133203274,bmullen@example.net,3,DEPT004,Inactive
PROV0205,Matthew Barr,Radiology,7546378015,cmooney@example.org,34,DEPT019,Active
PROV0206,Brittany Murphy,Neurology,3890582986,ryanjohnson@example.com,3,DEPT008,Inactive
PROV0207,Nathan Jones,ENT,6690791054,dboyd@example.org,23,DEPT004,Inactive
PROV0208,Jerry Harris,Cardiology,2036137397,lfranklin@example.net,14,DEPT009,Active
PROV0209,Jennifer Henry,Urology,8435141946,mirandanancy@example.net,34,DEPT003,Active
PROV0210,Patrick Smith,Pediatrics,1324907600,marissasanders@example.net,12,DEPT011,Inactive
PROV0211,William Mendoza,Dermatology,3005983979,gbell@example.org,17,DEPT002,Inactive
PROV0212,Paul Reilly,ENT,3194045791,earl36@example.net,24,DEPT010,Inactive
PROV0213,Michael Clayton,Radiology,0364506334,ptaylor@example.com,19,DEPT010,Inactive
PROV0214,Stephanie Ayala,Gynecology,7032915236,chad53@example.org,30,DEPT012,Active
PROV0215,Victor Compton,Oncology,3445251795,waresydney@example.net,34,DEPT013,Inactive
PROV0216,Jessica Phillips,Emergency,2041787667,john58@example.org,19,DEPT012,Active
PROV0217,Kyle Richmond,Pediatrics,2459882427,alexander99@example.net,33,DEPT015,Active
PROV0218,Timothy Clark,Pediatrics,9542185572,henrykatherine@example.org,26,DEPT010,Inactive
PROV0219,Tasha Byrd,Urology,7929881220,curtiscarrie@example.org,25,DEPT005,Active
PROV0220,Michael Morales,Emergency,8052123084,greed@example.com,9,DEPT015,Active
PROV0221,Jonathan Griffith,Cardiology,7648097612,smithdavid@example.org,26,DEPT002,Inactive
PROV0222,Micheal Craig,ENT,8859635401,lauragonzalez@example.net,9,DEPT014,Active
PROV0223,John Brown,Oncology,5168541886,anne63@example.net,2,DEPT003,Inactive
PROV0224,Krista Logan,Pediatrics,6434050155,kristinbarnes@example.net,28,DEPT001,Active
PROV0225,Julie James,Dermatology,0995207704,grahamcarrie@example.net,21,DEPT018,Inactive
PROV0226,Michael Kent,Urology,4419974174,patrick90@example.com,19,DEPT019,Active
PROV0227,Jacob Smith,Emergency,7332473612,morenomichelle@example.org,11,DEPT002,Inactive
PROV0228,Richard Ramos,Radiology,9306420864,ian80@example.org,35,DEPT007,Active
PROV0229,Elizabeth Kent MD,Pediatrics,1304615846,hbennett@example.com,28,DEPT016,Inactive
PROV0230,Kyle Harris,Radiology,4958832097,kblack@example.com,25,DEPT002,Active
PROV0231,Daniel Cook,Emergency,7448609237,lobrien@example.org,22,DEPT020,Inactive
PROV0232,Brian Atkinson,General Medicine,0564638880,gjones@example.net,23,DEPT020,Inactive
PROV0233,Nicole Johnson,Orthopedics,0059923781,otate@example.net,9,DEPT019,Inactive
PROV0234,Heather Santiago,Oncology,4912085607,eowens@example.org,13,DEPT018,Active
PROV0235,Kimberly Lynch,Cardiology,2949470464,bcabrera@example.org,6,DEPT001,Active
PROV0236,William Rivera,Neurology,2287583027,russell62@example.com,15,DEPT013,Inactive
PROV0237,Scott Francis,Neurology,9799328357,jennifer77@example.com,19,DEPT020,Inactive
PROV0238,Mrs. Jessica Browning,Orthopedics,1145180043,george33@example.org,4,DEPT016,Inactive
PROV0239,Jeremy Robinson,General Medicine,3929966072,caroline95@example.com,27,DEPT007,Inactive
PROV0240,Samantha Peterson,Pediatrics,4933585819,shelbycherry@example.org,11,DEPT011,Inactive
PROV0241,Brandy Kline,Orthopedics,4507804378,donald09@example.net,14,DEPT011,Active
PROV0242,Jessica Le,ENT,1316637061,vphillips@example.org,17,DEPT015,Inactive
PROV0243,John Gilbert,Radiology,6383921180,jennifermorgan@example.com,20,DEPT011,Active
PROV0244,Robert Meadows,General Medicine,8941888020,chadunderwood@example.org,25,DEPT007,Active
PROV0245,Kathleen Salinas,Urology,2032284689,svance@example.org,34,DEPT003,Active
PROV0246,Andrew Blackburn,Emergency,7309744661,ann09@example.com,18,DEPT015,Inactive
PROV0247,Katrina Bush,Orthopedics,0215862128,chapmantaylor@example.net,5,DEPT008,Inactive
PROV0248,William Evans,Emergency,1241187404,timothy48@example.org,7,DEPT018,Active
PROV0249,Jeffrey Martin,Dermatology,0664139219,scottglenn@example.net,28,DEPT012,Inactive
PROV0250,Jessica Nguyen,Dermatology,5628853314,jamesnorris@example.org,27,DEPT019,Active
PROV0251,Carrie Fox,Emergency,4405379847,sleonard@example.net,16,DEPT014,Active
PROV0252,Robert Ryan,General Medicine,4463923119,barnesjoseph@example.com,17,DEPT015,Active
PROV0253,Phillip Aguilar,ENT,1228722774,robinsonantonio@example.net,18,DEPT019,Inactive
PROV0254,Aaron King,Radiology,3587243193,william38@example.org,24,DEPT020,Inactive
PROV0255,Joshua Escobar,Orthopedics,8446973805,angelasherman@example.net,23,DEPT014,Active
PROV0256,Monique Green,Neurology,8556925929,daniel86@example.com,19,DEPT001,Inactive
PROV0257,David Perry,ENT,7966713814,qlogan@example.com,1,DEPT003,Inactive
PROV0258,Lisa Mercado,Dermatology,9293833403,edwardreeves@example.com,17,DEPT014,Active
PROV0259,Melissa Gentry,Cardiology,6418156198,victoria89@example.net,25,DEPT019,Inactive
PROV0260,Chelsea Martin,ENT,3074076332,williamstyler@example.com,22,DEPT009,Inactive
PROV0261,Erin Dillon,Neurology,2353976490,awilliams@example.org,14,DEPT018,Active
PROV0262,Jessica Butler,Oncology,7705198356,donna11@example.org,15,DEPT018,Inactive
PROV0263,Mr. Robert Hernandez,Emergency,0622446308,rodriguezamber@example.net,12,DEPT005,Active
PROV0264,Rebecca Vargas,General Medicine,4076215623,justinharris@example.com,22,DEPT018,Inactive
PROV0265,April Armstrong,Emergency,1987223068,diana09@example.com,29,DEPT019,Active
PROV0266,Phillip Chapman,ENT,3312428309,zgraves@example.net,26,DEPT017,Active
PROV0267,Lisa Gutierrez,Cardiology,0090107726,john24@example.net,16,DEPT014,Inactive
PROV0268,Mark Thomas,ENT,2426662917,sherri93@example.org,3,DEPT020,Active
PROV0269,William Meyers,Radiology,0126892852,qmaldonado@example.org,13,DEPT016,Active
PROV0270,Matthew Ball,Emergency,1633560682,caroline73@example.org,25,DEPT017,Inactive
PROV0271,Lisa Abbott,Orthopedics,2173538521,bradleypena@example.org,18,DEPT001,Active
PROV0272,Laura West,General Medicine,0757665103,janice02@example.net,35,DEPT010,Inactive
PROV0273,Frances Lewis,Oncology,7932034934,xmorgan@example.org,29,DEPT012,Inactive
PROV0274,David Maddox,Neurology,9519271468,james26@example.org,22,DEPT013,Active
PROV0275,Jason Wright,Emergency,1318394452,scottmills@example.org,7,DEPT016,Active
PROV0276,James Welch,Orthopedics,4316714378,stephenchan@example.com,11,DEPT009,Inactive
PROV0277,Jacob Bennett,Urology,6109380155,diane93@example.net,4,DEPT017,Inactive
PROV0278,Zachary Flores,General Medicine,0023531058,jill33@example.org,7,DEPT014,Active
PROV0279,Connor Newman,Oncology,7772488921,joshuaclark@example.com,30,DEPT003,Inactive
PROV0280,Stephanie Richardson,Emergency,5825298167,stanleyreyes@example.org,27,DEPT012,Inactive
PROV0281,Raymond Robinson,ENT,6927902896,williamheath@example.com,24,DEPT007,Inactive
PROV0282,David Bryan,Gynecology,5179177578,dpearson@example.com,19,DEPT004,Inactive
PROV0283,Sarah Underwood,Radiology,0491094093,adamsmark@example.org,24,DEPT001,Inactive
PROV0284,Lisa Hansen,Gynecology,7914239804,dnguyen@example.org,25,DEPT011,Inactive
PROV0285,Crystal Koch,ENT,2399260284,ndodson@example.org,1,DEPT003,Active
PROV0286,Randall Lewis,Orthopedics,5914293433,mercedes40@example.org,24,DEPT016,Inactive
PROV0287,Brian Davis,Radiology,9399393237,cory85@example.net,26,DEPT003,Inactive
PROV0288,Justin Johnson,Dermatology,8599206639,holtsusan@example.org,24,DEPT008,Active
PROV0289,Stephanie Holmes,Emergency,2329827906,dbecker@example.com,17,DEPT013,Inactive
PROV0290,Anne Ramos,Gynecology,0021618302,sullivanwilliam@example.net,33,DEPT015,Inactive
PROV0291,Joshua Bowman,ENT,0283372005,diazcheryl@example.org,31,DEPT008,Inactive
PROV0292,Linda Soto,Oncology,9296290245,amanda91@example.org,20,DEPT004,Inactive
PROV0293,Miss Lori Jones,Dermatology,8285226947,susanthompson@example.com,21,DEPT014,Inactive
PROV0294,Michael Dunn,Dermatology,5356957160,philip95@example.net,12,DEPT001,Active
PROV0295,Jade Smith,ENT,8952473755,patricia92@example.com,13,DEPT005,Inactive
PROV0296,Kimberly Smith,General Medicine,3612408451,smithtyler@example.org,8,DEPT003,Inactive
PROV0297,Sara Larson,Emergency,3025122769,meyerglen@example.net,8,DEPT006,Inactive
PROV0298,Danny Martin,Oncology,6168355548,angel56@example.net,1,DEPT010,Inactive
PROV0299,Robert Schneider,Pediatrics,7115745942,boydrobert@example.com,11,DEPT015,Inactive
PROV0300,Jordan Williams,Oncology,5026122422,steinbrian@example.org,28,DEPT017,Active
PROV0301,Tony Juarez,ENT,5436366561,carolyn34@example.net,28,DEPT001,Active
PROV0302,Sherry Benjamin,Urology,6799289041,ywalker@example.org,28,DEPT011,Inactive
PROV0303,Randy Fernandez,ENT,7294082445,heather89@example.com,10,DEPT016,Inactive
PROV0304,Dr. Mary Miller,General Medicine,3104496614,apetty@example.net,25,DEPT003,Inactive
PROV0305,Sarah Herrera,Dermatology,5418410167,cheryl97@example.com,2,DEPT010,Inactive
PROV0306,Mark Rivas,General Medicine,2032383753,phelpskristen@example.org,18,DEPT003,Inactive
PROV0307,James Robinson,Cardiology,0562495771,dbooth@example.org,7,DEPT006,Active
PROV0308,Kristina Jacobson,Emergency,6424954316,tonyramsey@example.com,18,DEPT017,Inactive
PROV0309,Lynn Young,Orthopedics,3781194721,lauren23@example.org,4,DEPT004,Inactive
PROV0310,Sandra White,Pediatrics,9608615520,martinezdylan@example.org,20,DEPT015,Active
PROV0311,Patricia Glass,Emergency,5907553166,smithcameron@example.com,30,DEPT010,Active
PROV0312,Nicholas Johnson,Oncology,1279895751,anthony81@example.net,6,DEPT011,Active
PROV0313,Mark Sanchez,Dermatology,9727461708,dunnmaxwell@example.net,21,DEPT007,Active
PROV0314,Kaitlyn Rodriguez,Cardiology,9984636209,christopherward@example.net,3,DEPT007,Inactive
PROV0315,Diane Orr,Gynecology,2589528092,diane64@example.net,14,DEPT005,Inactive
PROV0316,Adam Collins,Dermatology,7214981924,robinsonkerri@example.net,14,DEPT010,Active
PROV0317,Daniel Todd,Orthopedics,2385720552,andersonsusan@example.com,20,DEPT010,Inactive
PROV0318,Amanda Gibson,Cardiology,4023583467,hollandkathleen@example.org,23,DEPT003,Inactive
PROV0319,Brian Carter,Cardiology,7326445536,rileybrian@example.net,28,DEPT006,Active
PROV0320,Lonnie Charles,General Medicine,8043098716,ryannewman@example.net,27,DEPT001,Active
PROV0321,Alexander Torres,Oncology,8030698401,gabrielwilson@example.org,28,DEPT002,Active
PROV0322,Jessica Smith,Dermatology,3820526598,ydavidson@example.net,24,DEPT019,Active
PROV0323,Darrell Smith,Emergency,1298059516,heidialvarez@example.com,26,DEPT012,Inactive
PROV0324,Misty Graham,Radiology,9394074766,michael47@example.org,3,DEPT005,Inactive
PROV0325,James Knox,ENT,6379737866,grant34@example.net,2,DEPT014,Active
PROV0326,Misty Mccoy,Pediatrics,9847647884,jason46@example.com,25,DEPT006,Active
PROV0327,Julia Horton,Urology,4909885449,lucassteven@example.com,21,DEPT017,Active
PROV0328,Mark Owens,Radiology,2876251006,garciaspencer@example.com,35,DEPT004,Inactive
PROV0329,Holly Lamb,Radiology,2569055000,larry76@example.net,10,DEPT016,Inactive
PROV0330,Jennifer Smith,General Medicine,4015377607,amydunn@example.com,18,DEPT008,Inactive
PROV0331,Ashley Wade,Neurology,8743770753,nwilliams@example.org,21,DEPT017,Active
PROV0332,Nicholas Avila,Emergency,6851467978,iwilson@example.com,33,DEPT019,Active
PROV0333,Timothy Mitchell,General Medicine,8519707585,bdunn@example.org,25,DEPT017,Inactive
PROV0334,Samuel Morgan Jr.,Neurology,1343878407,matthew80@example.org,17,DEPT008,Inactive
PROV0335,Omar Davis,ENT,7896703599,james53@example.com,13,DEPT002,Active
PROV0336,Susan Silva,Urology,1921974086,hwyatt@example.net,34,DEPT009,Inactive
PROV0337,Kristina Miller,ENT,0071620000,zromero@example.org,1,DEPT002,Inactive
PROV0338,Mark Key,Cardiology,4745323863,butlerjerome@example.com,18,DEPT010,Inactive
PROV0339,Sean Lee,Oncology,3117611431,vmatthews@example.com,2,DEPT003,Active
PROV0340,Amanda Carter,Gynecology,1143398788,melaniewalton@example.org,28,DEPT020,Active
PROV0341,Mrs. Shelly Webster,Orthopedics,7562866177,sfrazier@example.net,4,DEPT020,Inactive
PROV0342,Mark Ewing,Emergency,8882638769,bryantjonathan@example.com,22,DEPT004,Inactive
PROV0343,Brandon Howe,General Medicine,8546652779,halltimothy@example.org,19,DEPT005,Active
PROV0344,Carlos Caldwell,Radiology,4470230066,dickersonjohn@example.net,19,DEPT004,Active
PROV0345,Beth Gomez,Urology,9900740614,shafferanne@example.net,4,DEPT013,Inactive
PROV0346,Brett Williams,Oncology,6654425729,griffinjacob@example.org,23,DEPT008,Inactive
PROV0347,Michael Burns,General Medicine,2627121571,hwilliams@example.net,12,DEPT017,Inactive
PROV0348,Deanna Butler,Pediatrics,0327856404,nathanielmeyer@example.org,33,DEPT008,Active
PROV0349,Tony Edwards,General Medicine,7434803146,jamiekennedy@example.org,11,DEPT001,Inactive
PROV0350,Michael Lloyd,Gynecology,1491567902,clarkelawrence@example.net,31,DEPT003,Inactive
PROV0351,Gloria Madden PhD,Pediatrics,0885657589,dshepard@example.net,26,DEPT010,Active
PROV0352,Preston Petty,Urology,7446343864,evandavidson@example.net,19,DEPT008,Inactive
PROV0353,Paul Aguilar,General Medicine,1666491047,barbara55@example.org,30,DEPT011,Inactive
PROV0354,Ronald Keller,Gynecology,2912069484,michelle91@example.com,25,DEPT005,Inactive
PROV0355,Christopher Price,ENT,2982534179,timothyreese@example.com,1,DEPT007,Active
PROV0356,Stefanie Oliver,Radiology,5871067920,hooversusan@example.org,6,DEPT016,Active
PROV0357,Justin Benitez,ENT,2242070578,pittmanjavier@example.net,25,DEPT020,Active
PROV0358,Allen Diaz,Neurology,8669251471,ashleygonzalez@example.net,16,DEPT004,Active
PROV0359,Tracy Yates,Neurology,2140247769,jasonmunoz@example.org,20,DEPT013,Inactive
PROV0360,Dawn Pitts,Cardiology,7065420039,teresa02@example.org,13,DEPT008,Active
PROV0361,Jody Chapman,Cardiology,6947022542,tammymorales@example.org,26,DEPT014,Active
PROV0362,Shannon Ingram,Pediatrics,2682248546,omarperry@example.com,15,DEPT020,Active
PROV0363,Austin Bridges,Cardiology,1719266648,rnelson@example.com,26,DEPT019,Inactive
PROV0364,Benjamin Mckay,Cardiology,0539072178,christinethomas@example.org,27,DEPT012,Inactive
PROV0365,Adam Fuentes,Urology,8911350164,bethanywebb@example.net,10,DEPT008,Active
PROV0366,Christopher Diaz,Neurology,8203442863,cameronshelby@example.com,24,DEPT003,Inactive
PROV0367,Dr. Andrew Macdonald,Cardiology,4972063418,kathleenrodriguez@example.org,19,DEPT015,Active
PROV0368,Denise Baker,Radiology,8272326986,nboyd@example.net,28,DEPT002,Active
PROV0369,Jason Bender,Urology,5399551681,grahambrian@example.net,35,DEPT014,Active
PROV0370,Adam Jordan,Pediatrics,4492158025,ashleybrown@example.com,13,DEPT001,Inactive
PROV0371,Christian Doyle,Urology,7344766775,gonzaleztami@example.org,3,DEPT005,Inactive
PROV0372,Thomas Gibson,Emergency,9761405923,traceycole@example.com,16,DEPT014,Inactive
PROV0373,Bryan Lee,General Medicine,1091038699,whitematthew@example.org,13,DEPT004,Inactive
PROV0374,Marissa Allen,Gynecology,5935821018,jeremywood@example.org,17,DEPT013,Inactive
PROV0375,Jeremiah Jimenez,Radiology,9841818738,hilltimothy@example.org,2,DEPT003,Inactive
PROV0376,Andrew Becker,Radiology,1496054416,smithlisa@example.org,19,DEPT001,Active
PROV0377,Justin Gray,Dermatology,9763835187,samanthajohnson@example.org,31,DEPT001,Inactive
PROV0378,John Ball,Radiology,2549985165,owensamanda@example.net,29,DEPT013,Inactive
PROV0379,Matthew Gonzalez,Neurology,1313572259,ashlee96@example.org,21,DEPT002,Active
PROV0380,Andrew Tate,Orthopedics,1736677026,sesparza@example.com,20,DEPT019,Active
PROV0381,Alejandro Fernandez,Neurology,1214295424,akrueger@example.com,2,DEPT014,Inactive
PROV0382,Mary Patterson,Urology,4966086602,pknox@example.org,10,DEPT003,Inactive
PROV0383,John Smith,ENT,5328816665,fhunter@example.org,7,DEPT004,Inactive
PROV0384,Alison Mcdonald,Pediatrics,9449348585,agoodman@example.com,13,DEPT019,Inactive
PROV0385,Michael Allen,ENT,0319397988,benjaminblair@example.org,10,DEPT001,Inactive
PROV0386,Dennis Thompson,Orthopedics,3529142645,yhaley@example.com,21,DEPT018,Active
PROV0387,Glenn Conway,General Medicine,8837402206,cruzchristina@example.com,2,DEPT009,Inactive
PROV0388,Matthew Romero,Neurology,0397283964,sarahmcdowell@example.net,24,DEPT015,Inactive
PROV0389,Scott Dennis,Dermatology,0814502533,richardbishop@example.org,31,DEPT008,Active
PROV0390,Hannah Murphy,Emergency,8519720039,richardsonlouis@example.org,7,DEPT016,Active
PROV0391,Randall Landry,Oncology,4968239740,xboyd@example.com,11,DEPT008,Inactive
PROV0392,Lisa Gibbs,Orthopedics,1488582931,zcampbell@example.net,19,DEPT010,Active
PROV0393,David Curry,Cardiology,3418488023,traceyholland@example.com,17,DEPT003,Active
PROV0394,Debra Mcdonald,Cardiology,6431288653,jenniferdavenport@example.net,8,DEPT005,Inactive
PROV0395,Steve Sparks,Radiology,7962969283,juanchase@example.org,6,DEPT020,Inactive
PROV0396,Krista Hendricks,Emergency,2958777854,richardmiller@example.org,22,DEPT002,Inactive
PROV0397,Phyllis Martinez,General Medicine,0387164084,cynthianelson@example.com,1,DEPT013,Active
PROV0398,Carrie Walker,Gynecology,6419552336,marvin61@example.org,4,DEPT020,Active
PROV0399,Jeremy Sanders,Radiology,5317680764,luisjohnson@example.com,13,DEPT018,Active
PROV0400,Mr. Richard Harper PhD,General Medicine,0079581146,knovak@example.org,17,DEPT012,Active
PROV0401,Brianna Odom,Cardiology,9409760145,dennisjackson@example.net,30,DEPT016,Active
PROV0402,Emily Shepherd,ENT,4581186676,savannahayala@example.com,2,DEPT002,Active
PROV0403,David Wilson,Gynecology,8102456902,pamelaparker@example.net,2,DEPT002,Active
PROV0404,Clifford Smith,Orthopedics,4844615549,briansanchez@example.net,3,DEPT010,Active
PROV0405,Vincent Martin,Radiology,1646069327,charles37@example.org,10,DEPT001,Inactive
PROV0406,Terri Clark,Pediatrics,6565569437,glyons@example.org,12,DEPT001,Inactive
PROV0407,Keith Crawford,ENT,9835579932,fwallace@example.com,33,DEPT015,Active
PROV0408,Lori Morrison,Emergency,6691827713,robertjimenez@example.com,26,DEPT004,Inactive
PROV0409,Curtis Fisher,Radiology,0178432808,rhayes@example.com,29,DEPT007,Inactive
PROV0410,Kiara Johnson,Gynecology,5656292814,angela15@example.com,8,DEPT001,Active
PROV0411,Jordan Henry,Dermatology,0728987013,nelsonallison@example.com,17,DEPT017,Inactive
PROV0412,Robin Zimmerman,Orthopedics,6626316455,glarson@example.com,20,DEPT005,Inactive
PROV0413,Anthony Contreras,ENT,2905684382,wellis@example.net,4,DEPT018,Inactive
PROV0414,Pamela Garcia,Neurology,0596795396,allendaniel@example.org,11,DEPT014,Active
PROV0415,Dr. Brittany Ruiz,Urology,7681413628,robindouglas@example.net,21,DEPT001,Inactive
PROV0416,Dawn Chavez,Radiology,9679712222,robert93@example.com,16,DEPT013,Inactive
PROV0417,Kevin Warren,Neurology,7448167038,barneslisa@example.com,9,DEPT010,Active
PROV0418,Mary Patton,Urology,9959332459,dianasanders@example.org,6,DEPT008,Inactive
PROV0419,Patrick Guzman,Urology,2926049251,beth93@example.net,16,DEPT006,Inactive
PROV0420,Christopher Dunn,Pediatrics,0002167194,amanda52@example.com,32,DEPT008,Active
PROV0421,Susan Rangel,Emergency,2601192120,lopezjodi@example.net,26,DEPT002,Active
PROV0422,John Bailey,Orthopedics,0288461014,smiles@example.net,25,DEPT018,Inactive
PROV0423,Savannah Smith,Dermatology,8351249395,michelle50@example.com,2,DEPT016,Inactive
PROV0424,Margaret Steele,Emergency,6049700876,don81@example.com,9,DEPT020,Active
PROV0425,Joseph Roach,Radiology,4337583439,joshua90@example.org,18,DEPT003,Inactive
PROV0426,Eric Hogan,Cardiology,1757752509,james15@example.net,4,DEPT019,Inactive
PROV0427,Marisa Byrd,Orthopedics,2758071710,casey61@example.net,2,DEPT010,Inactive
PROV0428,Leslie Lee,General Medicine,2418223372,ivanandrews@example.net,17,DEPT005,Active
PROV0429,Randy Munoz,ENT,1718884728,tfields@example.net,3,DEPT018,Active
PROV0430,Michael Little,Cardiology,2357262870,madams@example.org,6,DEPT004,Active
PROV0431,Heather Barrett,Neurology,9136405805,mary95@example.org,5,DEPT011,Active
PROV0432,Kim Sharp,General Medicine,3366352529,dware@example.org,25,DEPT017,Active
PROV0433,Larry Hoover,Gynecology,9296503362,zoe59@example.org,21,DEPT003,Active
PROV0434,Jonathan Holt,Orthopedics,9291855188,greendorothy@example.org,17,DEPT019,Active
PROV0435,Kyle Vazquez,Emergency,3332704610,pattonanna@example.org,12,DEPT010,Active
PROV0436,Nancy Russell,Emergency,5428912609,wmiller@example.com,34,DEPT010,Inactive
PROV0437,Alexandra Martin,Pediatrics,8797883200,wandamullins@example.com,33,DEPT006,Inactive
PROV0438,Shannon Fernandez,Emergency,5488343771,richardsonjerry@example.net,19,DEPT002,Inactive
PROV0439,Erica Brown,ENT,5445721271,thomaskelly@example.com,4,DEPT016,Inactive
PROV0440,Caroline Singh,Dermatology,6193804208,annette09@example.com,7,DEPT004,Active
PROV0441,Emily Blankenship,Emergency,8249008629,kathleenjordan@example.org,29,DEPT018,Inactive
PROV0442,Clinton Martinez,ENT,9240655206,zballard@example.org,11,DEPT005,Inactive
PROV0443,Valerie Allen,Urology,4996104876,brendawilliams@example.org,35,DEPT012,Active
PROV0444,Gary Wilson,Gynecology,2232445956,joshuagreen@example.org,11,DEPT001,Inactive
PROV0445,Amy Ritter,General Medicine,4740065674,johnbrown@example.com,5,DEPT018,Inactive
PROV0446,Katherine Little,Neurology,0040481983,kimberlyhall@example.org,8,DEPT012,Active
PROV0447,Tammy Gardner,Neurology,9201583071,brownmichael@example.com,19,DEPT004,Inactive
PROV0448,Teresa Johnson,ENT,9720471516,cwebb@example.com,24,DEPT019,Active
PROV0449,Nancy Ford,General Medicine,4223941294,matthew34@example.com,11,DEPT004,Inactive
PROV0450,Emma Moyer,Orthopedics,6057137393,adamsmichael@example.org,2,DEPT016,Inactive
PROV0451,Virginia Ramirez,ENT,8113426808,qmoore@example.org,2,DEPT013,Inactive
PROV0452,Gabrielle Kirby,Gynecology,8812672879,nicholasyoung@example.org,14,DEPT004,Active
PROV0453,Thomas Oconnell,Radiology,1992963946,tochoa@example.net,26,DEPT001,Active
PROV0454,Lauren Miranda,Radiology,1925159984,aarondouglas@example.com,27,DEPT007,Active
PROV0455,George Gibson,General Medicine,3688098760,hwise@example.net,18,DEPT011,Inactive
PROV0456,Norman Durham,Pediatrics,7865724726,gordonterrence@example.net,12,DEPT006,Inactive
PROV0457,Bradley Williams,Gynecology,7896693112,jonestanya@example.org,4,DEPT019,Active
PROV0458,Jonathan Nichols,Emergency,7102338274,nicoleford@example.com,11,DEPT019,Inactive
PROV0459,Nicholas Evans,Gynecology,5303955161,david66@example.com,15,DEPT020,Inactive
PROV0460,Teresa Griffith,Urology,0847482440,lisa71@example.com,8,DEPT016,Active
PROV0461,Sarah Spears,Oncology,0962214459,garymccullough@example.org,1,DEPT005,Inactive
PROV0462,Melissa Gilmore,Pediatrics,4327481109,belldawn@example.net,18,DEPT005,Active
PROV0463,Gregory Clark,Gynecology,4333356870,suzanne85@example.com,25,DEPT008,Active
PROV0464,Justin King,Dermatology,1074338877,christophermorton@example.org,34,DEPT008,Active
PROV0465,Danielle Rush,Emergency,0774795437,martha18@example.org,19,DEPT014,Inactive
PROV0466,Timothy Huynh,Gynecology,8674402221,seancastillo@example.org,3,DEPT013,Inactive
PROV0467,Jeremy Moore,Oncology,2687006525,uherrera@example.org,32,DEPT017,Active
PROV0468,Michael Murphy,Emergency,9993726933,jmcbride@example.com,14,DEPT002,Inactive
PROV0469,Megan Herring,Gynecology,7680102952,johnsonmatthew@example.org,9,DEPT009,Active
PROV0470,Francis Thomas,ENT,2101760849,douglasronald@example.net,1,DEPT018,Active
PROV0471,Taylor Hayes,Oncology,6067021984,umendoza@example.com,29,DEPT012,Inactive
PROV0472,Megan Henderson,Oncology,7239448540,kevinnicholson@example.com,17,DEPT020,Inactive
PROV0473,Amy Robles,Pediatrics,5542204998,jenniferzuniga@example.org,20,DEPT005,Inactive
PROV0474,Michael Taylor,Oncology,9243817515,utaylor@example.net,30,DEPT017,Active
PROV0475,Frederick Olson,Pediatrics,2240924031,qmorales@example.com,33,DEPT013,Inactive
PROV0476,Jessica Baker,Neurology,0427154972,duncanthomas@example.com,6,DEPT011,Active
PROV0477,Arthur Diaz,Neurology,0546228537,emmarandall@example.com,8,DEPT014,Active
PROV0478,Cassandra Lara,Cardiology,6011280468,juanreyes@example.org,7,DEPT019,Inactive
PROV0479,Kathryn Tate,Oncology,8033004987,tyler85@example.com,33,DEPT014,Active
PROV0480,Robert Anderson,Neurology,0269784207,morganmatthew@example.net,27,DEPT015,Active
PROV0481,Crystal Harris,Cardiology,5407495147,sarah29@example.org,25,DEPT016,Inactive
PROV0482,Christina Sutton,Emergency,6448225370,qadams@example.net,1,DEPT005,Active
PROV0483,John Fleming,Gynecology,6450910880,carly27@example.com,11,DEPT011,Inactive
PROV0484,Tiffany Luna,ENT,3421847960,carrie06@example.org,5,DEPT016,Active
PROV0485,Robert Patrick,Orthopedics,1476514508,gilbertbond@example.net,35,DEPT014,Inactive
PROV0486,Sheila Johnson,Gynecology,0121028843,jose15@example.net,13,DEPT002,Active
PROV0487,Breanna Schneider,Neurology,9089854312,dward@example.com,25,DEPT019,Active
PROV0488,Joseph Barnes,Urology,7458370367,sadkins@example.net,4,DEPT004,Inactive
PROV0489,Madison Hunt,ENT,8669922403,ericaperez@example.com,20,DEPT012,Active
PROV0490,Jacqueline Meyers,Emergency,4624238920,sandrasnyder@example.net,4,DEPT011,Active
PROV0491,Amy James,Gynecology,0188621390,pagesteven@example.com,8,DEPT020,Inactive
PROV0492,Cole Reid,Gynecology,0907824280,mgarcia@example.com,1,DEPT017,Inactive
PROV0493,Anthony Gomez,Gynecology,9228398727,barbaradixon@example.org,11,DEPT018,Active
PROV0494,Cheryl Moore,Urology,7454378912,johnbaker@example.net,26,DEPT009,Inactive
PROV0495,Tyler Roberson,Orthopedics,6769878235,carneydaniel@example.org,32,DEPT014,Active
PROV0496,Bryce Carter,Dermatology,7273149238,lpreston@example.org,22,DEPT007,Active
PROV0497,Joseph Harris,Radiology,5260908993,melissabarnett@example.com,35,DEPT007,Active
PROV0498,Gregory Moore,Urology,3355992029,cheryl02@example.org,33,DEPT020,Inactive
PROV0499,Kelly Thomas,Cardiology,2156475159,tara23@example.com,11,DEPT006,Active
PROV0500,Nicholas Davis Jr.,Emergency,3870195171,jamesdavis@example.net,14,DEPT008,Inactive
